Patients,H1,H2,LR,Batch,Epochs,W1,W2,W3,FinalReward
1000,128,256,0.0005,128,100,1.0,-0.2,1.0,6.394167028528501
1000,128,256,0.0001,32,150,1.0,-0.2,1.0,5.999096246693412
2000,128,256,0.0005,128,100,1.0,-0.2,1.0,6.247837203080062
2000,128,256,0.0001,32,150,1.0,-0.2,1.0,5.990811113863068
5000,128,256,0.0005,128,100,1.0,-0.2,1.0,6.050587397137246
5000,128,256,0.0001,32,150,1.0,-0.2,1.0,6.329416270995646
